Role category,Postion types
Leadership and Management,Director / Assistant
Leadership and Management,Owner
Leadership and Management,Program Administrator / Assistant
Leadership and Management,Education Manager
Leadership and Management,Education Coordinator
Early Childhood Educator,Teacher / Educator
Early Childhood Educator,Lead Teacher
Early Childhood Educator,Assistant Teacher
Early Childhood Educator,Aide / Student Aide
Early Childhood Educator,Substitute
Family Support,Home Visitor
Family Support,Parent Educator
Family Support,Family Advocate
Professional Development,PDS
Resource and Referral,STARS Consultant
Resource and Referral,Pyramid Model Coach
Special Education and Exceptional Learners,Related Service Providers
Special Education and Exceptional Learners,SLP / OT / PT
Special Education and Exceptional Learners,Paraeducator
Special Education and Exceptional Learners,Instructional Assistant
Special Education and Exceptional Learners,Support Staff
Health Services,Health Specialist
Health Services,Health and Nutrition Coordinator
Health Services,Health Manager
